Complexity,Loss,Equation
1,9.443953,"3.9312322"
3,3.667252,"x1 * 2.7528804e-5"
4,2.7674193,"square(x1 * 1.15982875e-5)"
5,0.9125311,"(x1 * 3.4499713e-5) - x17"
7,0.34672052,"(x2 * 4.3555963e-5) - (x17 * 1.8926859)"
9,0.2867998,"(x2 * 4.3478984e-5) + (x0 * (x17 * -0.005566965))"
11,0.28328988,"(x2 * 4.445457e-5) + (x0 * (-0.00062169315 - (x17 * 0.005455104)))"
12,0.17771783,"(sqrt(x2) * 0.034301136) + (x0 * (-0.019673932 - (x17 * 0.0053911153)))"
13,0.11369864,"(x0 * -0.0600174) + ((x2 * 3.935279e-5) - (-20.874512 - (x17 * -1.8338025)))"
14,0.0985656,"((x2 * 3.9521932e-5) + (x0 * -0.058061793)) - ((sqrt(x17) * 3.6267254) + -21.60012)"
16,0.09856556,"((x2 * 3.952003e-5) + (x0 * -0.058062237)) - ((sqrt(x17) * (4.626756 - x15)) + -21.600555)"
18,0.06204945,"((x0 * -0.058996957) + (x2 * 3.9346975e-5)) - ((-21.350542 - (x17 * -0.85293925)) + (sqrt(x17) * 2.0011816))"
