Complexity,Loss,Equation
1,4.4727815e6,"-201.65141"
3,4.4292095e6,"-4.7932164e7 / x1"
5,2.839454e6,"-0.0001787961 / (x15 + x14)"
7,2.2981682e6,"(-8.270239e-5 / (x14 + x15)) * x6"
9,1.5975545e6,"-599.19275 / (x15 - (-22485.201 * (x11 * x14)))"
11,989775.44,"-63.206654 / (x15 - ((x14 * (x11 - 152.57492)) * -22450.668))"
13,735132.6,"-76.081474 / (x15 - ((((x0 + x11) + -482.68124) * x14) * -18085.266))"
15,464133.47,"(x13 + -87.81103) / ((x3 * (x15 - (x14 * (x2 + -261440.42)))) / x4)"
17,274549.72,"(x13 + -87.14903) / ((((x15 / 62.969048) - (x14 * (x2 + -259759.53))) * x3) / x4)"
19,262846.84,"(x13 + -87.14903) / (((((x15 / 62.969048) * x6) - (x14 * (x2 + -259759.53))) * x3) / x4)"
